Player,Pos,Age,Tm,G,GS,MP,PER,FTr,TRB%,AST%,USG%,OWS,DWS,WS,VORP,FGA,FG%,3P%,eFG%,TRB,AST,STL,BLK,PTS
A.J. Hammons,C,24,DAL,22,0,163,8.4,0.476,12.8,3.8,17.6,-0.2,0.2,0,-0.1,42,0.405,0.5,0.464,36,4,1,13,48
Aaron Brooks,PG,32,IND,65,0,894,9.5,0.133,4.3,20.7,19.2,-0.2,0.5,0.3,-0.6,300,0.403,0.375,0.483,69,125,25,9,322
Aaron Gordon,SF,21,ORL,80,72,2298,14.4,0.251,9.6,10.5,20.1,2,1.7,3.7,0.8,865,0.454,0.288,0.499,405,150,64,40,1019
Aaron Harrison,SG,22,CHO,5,0,17,-2.2,0.5,9.7,22.6,12.9,-0.1,0,-0.1,0,4,0,0,0,3,3,0,0,1
Adreian Payne,PF,25,MIN,18,0,135,14.4,0.352,14.3,8,23.1,0,0.2,0.2,0,54,0.426,0.2,0.454,33,7,8,7,63
Al Horford,C,30,BOS,68,68,2193,17.7,0.169,11.8,24.4,19.8,3.6,2.7,6.3,2.8,801,0.473,0.355,0.527,464,337,52,87,952
Al Jefferson,C,32,IND,66,1,931,18.9,0.18,16.8,11,26.1,1.2,1.1,2.3,-0.3,471,0.499,0,0.499,278,57,19,16,535
Al-Farouq Aminu,SF,26,POR,61,25,1773,11.3,0.292,14.1,7.9,15.4,-0.1,2,1.9,0.4,466,0.393,0.33,0.468,451,99,60,44,532
Alan Anderson,SF,34,LAC,30,0,308,5,0.2,4.4,4.9,13.7,0,0.1,0.1,-0.2,80,0.375,0.318,0.463,24,11,3,0,86
Alan Williams,C,24,PHO,47,0,708,19.5,0.419,22.4,5.2,20.9,1.1,0.9,2.1,0.1,267,0.517,0,0.517,292,23,27,32,346
Alec Burks,SG,25,UTA,42,0,653,11.6,0.315,10.6,7.5,22.7,-0.1,0.9,0.8,-0.4,248,0.399,0.329,0.45,120,30,18,5,283
Alex Abrines,SG,23,OKC,68,6,1055,10.1,0.144,4.5,5.5,15.9,1.2,0.9,2.1,-0.1,341,0.393,0.381,0.531,86,40,37,8,406
Alex Len,C,23,PHO,77,34,1560,15,0.449,17.8,4.2,17.6,1.2,1.7,3,0.1,463,0.497,0.25,0.5,510,44,37,98,613
Alex Poythress,PF,23,PHI,6,1,157,13.2,0.185,10.2,5.1,16.9,0.2,0.1,0.3,0,54,0.463,0.316,0.519,29,5,3,2,64
Alexis Ajinca,C,28,NOP,39,15,584,12.9,0.225,16,3.1,17.2,0,0.9,1,-0.3,178,0.5,0,0.5,177,12,20,22,207
Allen Crabbe,SG,24,POR,79,7,2254,11.6,0.192,5.5,6.1,14.9,3.1,1,4.1,0.5,647,0.468,0.444,0.572,225,93,54,20,845
Alonzo Gee,SF,29,DEN,13,0,89,3.1,0.643,9.3,8.2,10.5,-0.1,0.1,-0.1,-0.1,14,0.214,0,0.214,15,6,5,1,11
Amir Johnson,PF,29,BOS,80,77,1608,15,0.27,12.6,13,13.6,2.9,2.1,5,1.7,370,0.576,0.409,0.612,365,140,52,62,520
Anderson Varejao,C,34,GSW,14,1,92,9.4,0.786,16.1,13,12.6,0,0.1,0.2,0,14,0.357,0,0.357,27,10,3,3,18
Andre Drummond,C,23,DET,81,81,2409,20.9,0.39,25.3,5.9,22.4,1.4,5.3,6.7,1.7,911,0.53,0.286,0.531,1116,89,124,89,1105
Andre Iguodala,SF,33,GSW,76,0,1998,14.4,0.246,8.3,16.7,11.2,4.1,2.9,6.9,2.5,415,0.528,0.362,0.605,304,262,76,39,574
Andre Roberson,SF,25,OKC,79,79,2376,9.6,0.24,9.4,4.6,10.1,1.1,3.1,4.2,1.2,463,0.464,0.245,0.513,402,79,94,79,522
Andrew Bogut,C,32,TOT,27,21,583,9.3,0.136,21.7,12.3,10.4,-0.3,1,0.7,0.3,81,0.469,0,0.469,218,49,13,25,79
Andrew Harrison,PG,22,MEM,72,18,1474,8.7,0.539,5.3,20,16.4,0,1.5,1.6,-0.2,360,0.325,0.276,0.385,136,198,54,20,425
Andrew Nicholson,PF,27,TOT,38,0,342,5.9,0.126,9.8,4.1,17,-0.5,0.4,-0.1,-0.4,111,0.387,0.185,0.41,61,10,16,6,100
Andrew Wiggins,SF,21,MIN,82,82,3048,16.5,0.345,6.3,10.6,29,3.3,0.9,4.2,-0.6,1570,0.452,0.356,0.484,329,189,82,30,1933
Anthony Bennett,PF,23,BRK,23,1,264,14.7,0.391,15.6,7.1,19.4,0.3,0.2,0.5,-0.1,92,0.413,0.271,0.484,78,12,5,3,115
Anthony Brown,SF,24,TOT,11,0,159,7.2,0,11,7.6,15.6,-0.2,0.2,0,-0.1,50,0.36,0.259,0.43,33,8,5,1,43
Anthony Davis,C,23,NOP,75,75,2708,27.5,0.424,17.3,11.1,32.6,5.9,5.1,11,3.9,1527,0.504,0.299,0.517,886,157,94,167,2099
Anthony Morrow,SG,31,TOT,49,7,714,10,0.147,2.4,5.2,16.4,0.7,0.5,1.2,-0.4,252,0.389,0.308,0.47,31,25,24,2,271
Anthony Tolliver,PF,31,SAC,65,9,1477,11.1,0.234,9.3,7.7,13.6,1.5,0.8,2.3,0.5,351,0.442,0.391,0.57,239,77,33,20,461
Archie Goodwin,SG,22,TOT,15,0,214,18.7,0.636,6.9,18.5,19.8,0.6,0.1,0.7,0,66,0.545,0.333,0.583,28,24,4,5,110
Arinze Onuaku,C,29,ORL,8,0,28,5.8,0,11.7,9.9,9.4,0,0,0,0,4,0.5,0,0.5,6,2,0,1,4
Aron Baynes,C,30,DET,75,2,1163,13.1,0.337,15.6,3.9,14.1,1.4,1.5,3,0.1,279,0.513,0,0.513,333,32,17,39,365
Arron Afflalo,SG,31,SAC,61,45,1580,9,0.221,4.6,7.4,14.4,1.2,0.2,1.4,-0.6,420,0.44,0.411,0.514,125,78,21,7,515
Austin Rivers,SG,24,LAC,74,29,2054,11.4,0.261,4.4,15,20.3,1.2,1.3,2.5,0.2,731,0.442,0.371,0.518,161,204,48,10,889
Avery Bradley,SG,26,BOS,55,55,1835,14.4,0.12,10.1,10.9,21.9,1.1,2,3.1,0.7,775,0.463,0.39,0.533,334,121,68,11,894
Axel Toupane,SF,24,TOT,4,0,47,6.2,0,1.1,0,8.5,0,0,0.1,0,9,0.556,0.25,0.611,1,0,1,1,11
Ben Bentil,PF,21,DAL,3,0,10,-17.6,0,11.6,0,18.9,-0.1,0,-0.1,-0.1,3,0,0,0,2,0,0,0,0
Ben McLemore,SG,23,SAC,61,26,1176,9.8,0.222,6.4,6.9,20.1,-0.1,0.5,0.4,-0.8,419,0.43,0.382,0.507,130,51,29,6,495
Beno Udrih,PG,34,DET,39,0,560,16.1,0.173,5.6,35.4,19.7,0.8,0.5,1.3,-0.1,197,0.467,0.344,0.495,57,131,13,0,227
Bismack Biyombo,C,24,ORL,81,27,1793,12.2,0.69,17.2,6,13.2,0.8,2.1,2.9,-0.1,339,0.528,0,0.528,567,74,25,91,483
Blake Griffin,PF,27,LAC,61,61,2076,22.7,0.434,13.4,24.5,28,5.4,2.4,7.7,3.4,971,0.493,0.336,0.513,496,300,58,23,1316
Boban Marjanovic,C,28,DET,35,0,293,29.6,0.439,24.2,5.3,25.3,1.2,0.5,1.7,0.2,132,0.545,0,0.545,130,9,6,12,191
Bobby Brown,PG,32,HOU,25,0,123,10.8,0.033,2.7,17.6,22.7,0.1,0,0.1,-0.2,60,0.383,0.4,0.5,6,14,1,0,62
Bobby Portis,PF,21,CHI,64,13,1000,14.9,0.157,16,5.7,19.1,1.1,1.2,2.4,-0.3,375,0.488,0.333,0.531,296,35,16,11,437
Bojan Bogdanovic,SF,27,TOT,81,54,2083,13.5,0.288,7.2,8.7,22.4,2,0.9,2.9,-0.4,845,0.445,0.367,0.53,277,111,34,7,1113
Boris Diaw,PF,34,UTA,73,33,1283,9,0.107,7.1,20.3,15.6,-0.1,1.2,1.1,-0.3,327,0.446,0.247,0.477,158,170,18,9,338
Bradley Beal,SG,23,WAS,77,77,2684,20.1,0.259,5,16.2,26.5,6.8,1.6,8.5,2.8,1322,0.482,0.404,0.566,239,267,83,21,1779
Brandan Wright,PF,29,MEM,28,5,447,18.5,0.259,10,6,16.3,1.1,0.5,1.6,0.4,135,0.615,0,0.615,78,15,11,20,189
Brandon Bass,PF,31,LAC,52,0,577,19.7,0.473,12.5,5.7,19.7,1.6,0.6,2.2,0.2,186,0.575,0.333,0.578,129,21,14,11,292
Brandon Ingram,SF,19,LAL,79,40,2279,8.5,0.312,7.6,10.5,16.8,-1,0.7,-0.3,-1.1,686,0.402,0.294,0.442,317,166,50,36,740
Brandon Jennings,PG,27,TOT,81,13,1802,12.1,0.284,5.9,30.4,17.6,0.7,1,1.7,-0.4,535,0.359,0.313,0.433,196,395,70,5,577
Brandon Knight,SG,25,PHO,54,5,1140,12.3,0.293,5.6,17.8,25,0.1,0.2,0.3,-0.7,525,0.398,0.324,0.441,118,130,27,5,595
Brandon Rush,SG,31,MIN,47,33,1030,6.6,0.096,5.6,5.8,9.6,0.1,0.3,0.4,0,187,0.374,0.386,0.492,99,45,22,23,197
Brian Roberts,PG,31,CHO,41,2,416,9.8,0.32,5.2,18.7,17.9,0,0.3,0.2,-0.4,122,0.377,0.386,0.447,39,52,9,1,142
Briante Weber,PG,24,TOT,20,0,205,11,0.267,7,15,16.3,0,0.2,0.3,-0.1,60,0.417,0.1,0.425,26,21,12,1,62
Brice Johnson,PF,22,LAC,3,0,9,17.2,0,18.6,18.6,39.8,-0.1,0,0,0,7,0.286,0,0.286,3,1,2,1,4
Brook Lopez,C,28,BRK,75,75,2222,20.4,0.311,9.6,14.8,29.2,3.1,1.8,4.9,2,1172,0.474,0.346,0.531,403,176,38,124,1539
Bruno Caboclo,SF,21,TOR,9,0,40,14.6,0,14.1,15.1,20.1,0,0.1,0.1,0,16,0.375,0.333,0.438,10,4,2,1,14
Bryn Forbes,SG,23,SAS,36,0,285,5.9,0.061,4.6,11.7,17.9,-0.2,0.2,0.1,-0.3,99,0.364,0.321,0.449,23,23,1,0,94
Buddy Hield,SG,23,TOT,82,55,1888,11.8,0.099,7.8,10.3,21.4,0,1.3,1.3,-0.4,768,0.426,0.391,0.522,269,121,38,9,866
C.J. McCollum,SG,25,POR,80,80,2796,19.9,0.204,5.8,18,27.5,6.2,1.4,7.6,2.1,1441,0.48,0.42,0.544,291,285,72,42,1837
C.J. Miles,SF,29,IND,76,29,1776,13.7,0.144,7.2,4.1,18.4,2.7,1.4,4,0.7,647,0.434,0.413,0.565,229,48,46,25,815
C.J. Watson,PG,32,ORL,62,9,1012,9.3,0.266,4.8,16.1,14.1,0.2,0.6,0.9,-0.4,248,0.387,0.305,0.452,89,114,43,2,281
C.J. Wilcox,SG,26,ORL,22,0,108,2.9,0.065,6,15.5,15.4,-0.2,0,-0.2,-0.2,31,0.258,0.2,0.306,12,12,2,1,21
Cameron Payne,PG,22,TOT,31,0,462,5.6,0.041,5.7,17.7,20.9,-0.8,0.4,-0.3,-0.6,193,0.332,0.314,0.402,48,55,14,5,160
Caris LeVert,SF,22,BRK,57,26,1237,12.2,0.245,8,13.7,16.6,0.8,1,1.8,0.3,380,0.45,0.321,0.528,188,110,49,8,468
Carmelo Anthony,SF,32,NYK,74,74,2538,17.9,0.263,9.3,14.5,29.1,3.2,1.5,4.7,0.8,1389,0.433,0.359,0.488,436,213,60,34,1659
Chandler Parsons,SF,28,MEM,34,34,675,7.6,0.194,7.1,12.8,17.8,-0.5,0.7,0.2,-0.3,222,0.338,0.269,0.394,84,55,20,5,210
Channing Frye,C,33,CLE,74,15,1398,15.6,0.142,11.4,4.9,19.3,2.3,1.4,3.7,0.5,520,0.458,0.409,0.589,290,45,33,37,676
Chasson Randle,PG,23,TOT,26,0,299,13.6,0.439,5.8,16.8,19.7,0.5,0.1,0.7,0,98,0.408,0.34,0.49,32,34,9,2,137
Cheick Diallo,PF,20,NOP,17,0,199,16.8,0.276,19.3,3.2,20.5,0.2,0.3,0.5,-0.2,76,0.474,0,0.474,73,4,4,7,87
Chinanu Onuaku,C,20,HOU,5,1,52,12.3,0.571,10.5,7.8,10.4,0.1,0.1,0.1,0,7,0.714,0,0.714,10,3,3,1,14
Chris Andersen,C,38,CLE,12,0,114,11.6,0.636,15,5.9,13,0.1,0.2,0.2,0,22,0.409,0,0.409,31,5,5,7,28
Chris McCullough,PF,21,TOT,16,0,80,15.2,0.156,12.7,4.4,19.9,0.1,0.1,0.1,-0.1,32,0.5,0.143,0.516,19,2,2,2,36
Chris Paul,PG,31,LAC,61,61,1921,26.2,0.331,8.8,46.8,24.4,8,2.6,10.6,5.2,785,0.476,0.411,0.555,304,563,118,8,1104
Christian Wood,PF,21,CHO,13,0,107,15.1,0.652,14.9,2.8,15.4,0.1,0.1,0.3,0,23,0.522,0,0.522,29,2,3,6,35
Clint Capela,C,22,HOU,65,59,1551,21.4,0.314,18.5,6.9,19.9,3.9,2.1,6,1.2,563,0.643,0,0.643,526,64,34,80,818
Cody Zeller,PF,24,CHO,62,58,1725,16.7,0.442,12.9,9.1,15.5,3.4,2.2,5.6,1.8,443,0.571,0,0.571,405,99,62,58,639
Cole Aldrich,C,28,MIN,62,0,531,12.7,0.256,17.4,6.4,9.4,0.6,0.7,1.3,0.4,86,0.523,0,0.523,158,25,25,23,105
Corey Brewer,SF,30,TOT,82,11,1281,9.1,0.195,7.1,10.7,14.3,0,1.2,1.2,-0.2,348,0.422,0.229,0.461,166,97,61,19,371
Cory Joseph,SG,25,TOR,80,22,2003,13.2,0.185,6.6,20,18.4,1.7,1.7,3.4,0.6,661,0.452,0.356,0.489,235,265,66,13,740
Courtney Lee,SG,31,NYK,77,74,2459,12.1,0.139,5.7,10.6,14.4,3.1,1.1,4.2,1.1,704,0.456,0.401,0.533,260,179,81,23,835
Cristiano Felicio,C,24,CHI,66,0,1040,15.2,0.419,16.1,5.7,12.4,2.1,1.3,3.4,0.5,222,0.577,0,0.577,311,40,25,16,316
D'Angelo Russell,PG,20,LAL,63,60,1811,15.3,0.217,6.7,26.8,26.6,0.3,1,1.3,0.7,867,0.405,0.352,0.483,222,303,87,16,984
D.J. Augustin,PG,29,ORL,78,20,1538,11,0.311,4.1,20.4,19.4,0.7,0.5,1.2,-0.9,517,0.377,0.347,0.469,117,209,31,1,616
Dahntay Jones,SF,36,CLE,1,0,12,14.7,0.5,9.2,14.5,39.9,0,0,0,0,8,0.375,0,0.375,2,1,0,0,9
Damian Jones,C,21,GSW,10,0,85,5.3,0.625,14.8,0,13.4,-0.1,0.1,0,-0.2,16,0.5,0,0.5,23,0,1,4,19
Damian Lillard,PG,26,POR,75,75,2694,24.1,0.366,7.6,28.7,31.5,8.8,1.5,10.3,4.3,1488,0.444,0.37,0.516,368,439,68,20,2024
Damjan Rudez,SF,30,ORL,45,0,314,6.3,0,4.3,9.2,13.6,-0.1,0.2,0.1,-0.2,88,0.352,0.313,0.466,25,20,12,1,82
Daniel Ochefu,C,23,WAS,19,0,75,6.6,0.074,16.5,5.8,18,-0.1,0.1,0,-0.1,27,0.444,0,0.444,22,3,2,0,24
Danilo Gallinari,SF,28,DEN,63,63,2134,17.4,0.516,8.4,9.1,19.9,6.2,0.7,6.9,1.5,750,0.447,0.389,0.531,326,135,40,15,1145
Danny Green,SG,29,SAS,68,68,1807,10.2,0.071,7,9.6,13.5,0.4,3,3.4,2,449,0.392,0.379,0.523,224,124,71,58,497
Dante Cunningham,SF,29,NOP,66,35,1649,10.2,0.075,8.9,3.1,10.7,1.4,1.6,3,0.6,359,0.485,0.392,0.584,277,36,39,28,435
Dante Exum,PG,21,UTA,66,26,1228,8.6,0.201,6.2,14.2,18.1,-0.1,1.3,1.2,-0.1,363,0.427,0.295,0.488,132,112,21,12,412
Danuel House,SG,23,WAS,1,0,1,12.2,0,56.4,0,0,0,0,0,0,0,0,0,0,1,0,0,0,0
Dario Saric,PF,22,PHI,81,36,2129,12.8,0.237,13.3,14.3,24.6,-1.2,2.2,1,-0.1,927,0.411,0.311,0.468,513,182,57,30,1040
Darrell Arthur,PF,28,DEN,41,7,639,12.8,0.102,9.7,9.3,17.3,0.6,0.4,1.1,0.3,215,0.442,0.453,0.565,112,42,19,21,262
Darren Collison,PG,29,SAC,68,64,2063,15.3,0.239,4.3,24.5,19.8,3.1,0.8,3.9,0.3,714,0.476,0.417,0.527,153,312,67,9,900
Darrun Hilliard,SG,23,DET,39,1,381,5.9,0.222,4.7,12.3,19.3,-0.6,0.4,-0.2,-0.4,126,0.373,0.261,0.421,33,33,11,2,127
David Lee,PF,33,SAS,79,10,1477,18.4,0.269,16.9,13,16.9,3.2,2.5,5.7,1.9,420,0.59,0,0.59,440,124,31,40,576
David Nwaba,SG,24,LAL,20,2,397,12.1,0.481,8.5,5,11.8,0.6,0.2,0.7,0,81,0.58,0.2,0.586,62,14,13,7,120
David West,C,36,GSW,68,0,854,16.6,0.222,13,24.1,17.9,0.9,1.7,2.6,0.9,252,0.536,0.375,0.542,203,151,42,48,316
Davis Bertans,PF,24,SAS,67,6,808,12.9,0.145,6.9,8.3,15.7,1.1,1.2,2.3,0.8,234,0.44,0.399,0.588,99,46,20,28,303
DeAndre Jordan,C,28,LAC,81,81,2570,21.8,0.737,24.2,5.7,15.3,7.2,4.6,11.8,3.9,577,0.714,0,0.714,1114,96,52,135,1029
DeAndre Liggins,SG,28,TOT,62,19,777,7.5,0.282,7.7,9.2,11.6,-0.4,0.9,0.5,0,142,0.387,0.37,0.447,108,54,47,14,152
DeMar DeRozan,SG,27,TOR,74,74,2620,24,0.419,8.3,20.6,34.3,6.7,2.4,9,1.9,1545,0.467,0.266,0.477,386,290,78,13,2020
DeMarcus Cousins,C,26,TOT,72,72,2465,25.7,0.468,18.2,25.8,36.5,3.8,3.8,7.6,5.3,1433,0.452,0.36,0.497,797,332,100,92,1942
DeMarre Carroll,SF,30,TOR,72,72,1882,11.9,0.213,8.3,5.7,15.5,1.7,2.1,3.8,1.4,549,0.401,0.341,0.5,275,74,81,27,638
Dejounte Murray,PG,20,SAS,38,8,322,9.6,0.259,7.4,22.6,23.5,-0.4,0.5,0,-0.2,116,0.431,0.391,0.47,42,48,8,6,130
Delon Wright,PG,24,TOR,27,0,446,15,0.474,6.1,18.2,16.6,0.5,0.6,1.1,0.4,116,0.422,0.333,0.466,48,57,27,11,150
Demetrius Jackson,PG,22,BOS,5,0,17,30.8,1.5,13.1,28.2,17.3,0.1,0,0.1,0,4,0.75,1,0.875,4,3,0,0,10
Dennis Schroder,PG,23,ATL,79,78,2485,16.1,0.21,5.5,35.5,27.8,1.2,2.5,3.7,0.8,1215,0.451,0.34,0.492,248,499,74,16,1414
Denzel Valentine,SG,23,CHI,57,0,976,7.3,0.063,8.3,9.3,15.4,-0.5,1.1,0.6,-0.2,288,0.354,0.351,0.481,151,63,30,7,291
Deron Williams,PG,32,TOT,64,44,1657,14,0.182,5.1,35.9,22.1,1.5,0.9,2.4,-0.1,600,0.438,0.363,0.509,147,360,31,8,701
Derrick Favors,PF,25,UTA,50,39,1186,15.8,0.261,14.9,7.9,20.7,0.5,2.2,2.7,0.6,417,0.487,0.3,0.49,305,56,45,40,476
Derrick Jones,SF,19,PHO,32,8,545,12,0.339,7.9,3.1,11.7,0.9,0.2,1.1,0.1,121,0.562,0.273,0.574,79,12,14,13,168
Derrick Rose,PG,28,NYK,64,64,2082,17,0.259,6.4,22.8,25.7,2.4,0.6,3,0,977,0.471,0.217,0.477,246,283,44,17,1154
Derrick Williams,PF,25,TOT,50,11,804,10.6,0.365,8.9,5.1,17.2,0.4,0.6,1.1,-0.4,244,0.443,0.309,0.504,130,28,14,7,304
Devin Booker,SG,20,PHO,78,78,2730,14.6,0.308,5,16.3,28.6,1.4,0.6,2,-0.2,1431,0.423,0.363,0.475,249,268,72,21,1726
Devin Harris,PG,33,DAL,65,0,1087,13.8,0.378,6.8,20,19.7,1.1,1.1,2.2,0.4,341,0.399,0.328,0.484,127,136,43,7,437
Dewayne Dedmon,C,27,SAS,76,37,1330,16,0.359,21.1,4.8,12.3,2.2,3,5.2,1.2,259,0.622,0,0.622,495,44,37,61,387
Deyonta Davis,C,20,MEM,36,0,238,10.6,0.383,14.4,1.3,12,0.1,0.4,0.5,-0.1,47,0.511,0,0.511,60,2,3,17,58
Diamond Stone,C,19,LAC,7,0,24,-1.2,0.308,14,0,31.3,-0.1,0,-0.1,-0.1,13,0.231,0,0.231,6,0,0,1,10
Dion Waiters,SG,25,MIA,46,43,1384,14.5,0.192,6.2,23.8,26.3,0.2,1.5,1.6,0.4,663,0.424,0.395,0.488,154,200,41,20,729
Dirk Nowitzki,PF,38,DAL,54,54,1424,17,0.165,14.4,10.6,25.8,0.6,1.9,2.5,0.2,678,0.437,0.378,0.495,353,82,30,38,769
Domantas Sabonis,PF,20,OKC,81,66,1632,6.9,0.139,9.7,7.2,15.4,-1,1.8,0.7,-1.2,481,0.399,0.321,0.452,287,82,39,32,479
Donatas Motiejunas,PF,26,NOP,34,0,479,9.2,0.355,11.1,10.3,17.6,-0.4,0.6,0.2,-0.1,138,0.413,0.234,0.453,101,34,18,11,150
Dorian Finney-Smith,PF,23,DAL,81,35,1642,7.7,0.183,7.8,6,11.6,-0.1,1.5,1.4,0.2,333,0.372,0.293,0.456,221,67,52,25,350
Doug McDermott,SF,25,TOT,66,5,1508,10.7,0.169,6.4,5.9,16.4,1.6,1,2.6,-0.6,497,0.447,0.372,0.524,179,58,13,5,592
Dragan Bender,PF,19,PHO,43,0,574,5.3,0.068,9.7,5.5,14.4,-0.7,0.3,-0.3,-0.3,161,0.354,0.277,0.441,103,23,10,22,146
Draymond Green,PF,26,GSW,76,76,2471,16.5,0.328,13.3,27.6,16.2,2.8,5.4,8.2,4.6,650,0.418,0.308,0.481,599,533,154,106,776
Dwight Howard,C,31,ATL,74,74,2199,20.8,0.692,23.5,7.8,19.2,3.8,4.5,8.3,2.4,613,0.633,0,0.633,940,104,64,92,1002
Dwight Powell,C,25,DAL,77,3,1333,17.6,0.374,13.3,6.1,16.7,2.7,1.9,4.6,1.2,377,0.515,0.284,0.542,306,49,61,39,516
Dwyane Wade,SG,35,CHI,60,59,1792,18.5,0.294,8.2,22.4,29.6,0.9,2.5,3.4,1.4,955,0.434,0.31,0.457,271,229,86,41,1096
E'Twaun Moore,SG,27,NOP,73,22,1820,12.1,0.12,4.4,13.8,17.4,1.2,1.5,2.7,0.3,619,0.457,0.37,0.519,152,164,50,32,700
Ed Davis,PF,27,POR,46,12,789,11.5,0.57,17.1,4.8,12,1,0.7,1.7,0,142,0.528,0,0.528,243,27,15,22,200
Edy Tavares,C,24,TOT,2,0,28,21.3,0.6,21.6,5.1,13.2,0,0.1,0.1,0,5,0.8,0,0.8,11,1,0,6,8
Elfrid Payton,PG,22,ORL,82,58,2412,17.2,0.231,8.7,35.7,21.6,2.4,2,4.4,1.7,912,0.471,0.274,0.493,387,529,88,40,1046
Elijah Millsap,SG,29,PHO,2,0,23,-3.4,0.286,14.2,5.6,18,-0.1,0,-0.1,-0.1,7,0.143,0,0.143,6,1,0,0,3
Emmanuel Mudiay,PG,20,DEN,55,41,1406,10.9,0.303,7,21.8,22.6,-0.4,0.5,0.2,-0.6,551,0.377,0.315,0.428,178,217,41,13,603
Enes Kanter,C,24,OKC,72,0,1533,23.7,0.387,17.4,7.9,27.3,4,1.8,5.8,0.3,737,0.545,0.132,0.549,482,67,32,38,1033
Eric Bledsoe,PG,27,PHO,66,66,2176,20.6,0.443,8,31.1,28.1,4,1.4,5.4,2.9,1034,0.434,0.335,0.485,320,418,92,31,1390
Eric Gordon,SG,28,HOU,75,15,2323,13.1,0.172,4.7,12.3,22.1,2.5,1.4,3.8,0.4,1016,0.406,0.372,0.527,201,188,48,40,1217
Ersan Ilyasova,PF,29,TOT,82,52,2142,14.6,0.233,12.4,11,22.2,1.8,2.3,4.1,0.8,890,0.431,0.353,0.511,481,141,58,23,1071
Evan Fournier,SG,24,ORL,68,66,2234,13.9,0.298,5.1,14.8,23.5,1.7,1.1,2.8,0.4,930,0.439,0.356,0.508,209,202,66,4,1167
Evan Turner,SF,28,POR,65,12,1658,11.4,0.187,8.3,18.4,18.5,0,1.2,1.2,-0.3,552,0.426,0.263,0.454,247,205,53,24,586
Frank Kaminsky,C,23,CHO,75,16,1954,13,0.195,9.5,13.5,21.8,0.4,1.9,2.3,0.2,802,0.399,0.328,0.471,336,162,47,34,874
Fred VanVleet,PG,22,TOR,37,0,294,10.5,0.198,8.1,17.5,20.6,-0.1,0.4,0.3,-0.1,111,0.351,0.379,0.401,42,35,17,2,107
Garrett Temple,SG,30,SAC,65,21,1728,11.2,0.171,6.1,14.5,14.2,0.9,1.3,2.2,1,432,0.424,0.373,0.519,183,169,84,28,506
Gary Harris,SG,22,DEN,57,56,1782,16.5,0.21,5.5,13.6,18.4,3.9,0.7,4.6,1.6,637,0.502,0.42,0.586,178,164,71,8,851
Gary Neal,SG,32,ATL,2,0,18,-4.3,0.571,3.1,7.1,21.2,-0.1,0,-0.1,-0.1,7,0,0,0,1,1,0,0,4
Gary Payton,PG,24,MIL,6,0,99,4.5,0.227,7.1,18.1,15.8,-0.3,0.1,-0.2,-0.1,22,0.364,0.111,0.386,12,13,3,4,20
George Hill,PG,30,UTA,49,49,1544,19.3,0.323,6.2,22.6,23.5,4,1.9,5.9,2.2,606,0.477,0.403,0.554,167,203,50,11,829
Georges Niang,PF,23,IND,23,0,93,0.1,0.056,10.3,7.5,20.2,-0.4,0.1,-0.3,-0.2,36,0.25,0.083,0.264,17,5,3,0,21
Georgios Papagiannis,C,19,SAC,22,0,355,12.7,0.137,14,9,16.9,0.1,0.3,0.4,-0.1,102,0.549,0,0.549,86,20,3,17,124
Gerald Green,SF,31,BOS,47,0,538,12,0.177,8.8,9.8,22.7,0.1,0.4,0.6,-0.4,232,0.409,0.351,0.494,85,33,9,7,262
Gerald Henderson,SG,29,PHI,72,41,1667,10.8,0.298,6.1,10.5,17.9,1,1,2.1,-0.5,553,0.423,0.353,0.478,185,112,41,15,662
Giannis Antetokounmpo,SF,22,MIL,80,80,2845,26.1,0.486,14.3,26.6,28.3,7.9,4.5,12.4,6.9,1259,0.521,0.272,0.541,700,434,131,151,1832
Glenn Robinson,SF,23,IND,69,27,1426,11.5,0.225,9.6,4.7,12.8,1.3,1.2,2.5,0.2,338,0.467,0.392,0.54,245,47,41,20,419
Goran Dragic,PG,30,MIA,73,73,2459,19.7,0.335,6.3,29,27.1,5,2.6,7.5,2.9,1124,0.475,0.405,0.527,278,423,89,13,1483
Gordon Hayward,SF,26,UTA,73,73,2516,22.2,0.371,9,18.2,27.6,7.1,3.3,10.4,4,1156,0.471,0.398,0.536,393,252,73,20,1601
Gorgui Dieng,PF,27,MIN,82,82,2653,14.2,0.253,14.2,8.6,14,3.2,2.5,5.7,2.5,661,0.502,0.372,0.514,647,158,88,95,816
Greg Monroe,C,26,MIL,81,0,1823,21.1,0.329,17,17.3,24.3,3,2.6,5.6,1.9,726,0.533,0,0.533,532,187,92,38,951
Greivis Vasquez,PG,30,BRK,3,0,39,4.1,0.375,2.7,17.5,11.3,0,0,0,-0.1,8,0.25,0.333,0.313,2,5,1,1,7
Harrison Barnes,PF,24,DAL,79,79,2803,16.3,0.22,8.2,7.8,25.3,2.5,2.1,4.6,0.1,1280,0.468,0.351,0.498,397,117,66,15,1518
Hassan Whiteside,C,27,MIA,77,77,2513,22.6,0.368,24,3.8,22.7,4.2,5.3,9.5,0.9,973,0.557,0,0.557,1088,57,56,161,1309
Henry Ellenson,PF,20,DET,19,2,146,7.5,0.125,15.3,7.2,24.7,-0.4,0.2,-0.2,-0.2,64,0.359,0.286,0.438,41,7,1,1,60
Hollis Thompson,SG,25,TOT,40,9,752,7.9,0.145,8,6.8,13,0.1,0.6,0.7,-0.2,200,0.385,0.337,0.465,111,35,20,6,205
Ian Clark,SG,25,GSW,77,0,1137,13.1,0.134,5.9,11.2,19.5,1,1.3,2.3,0,433,0.487,0.374,0.558,122,90,39,8,527
Ian Mahinmi,C,30,WAS,31,0,555,14.1,0.676,15.2,4.7,14,0.5,0.9,1.4,0.4,111,0.586,0,0.586,150,19,33,24,173
Iman Shumpert,SG,26,CLE,76,31,1937,9,0.184,6.2,7.8,13.9,0.7,1.4,2,0.3,489,0.411,0.36,0.507,219,109,62,27,567
Isaiah Canaan,SG,25,CHI,39,0,592,8.1,0.191,4.5,9,15.3,0,0.5,0.5,-0.2,173,0.364,0.266,0.436,49,37,22,1,181
Isaiah Taylor,PG,22,HOU,4,0,52,0.3,0.286,3.1,7.1,6.4,-0.1,0,0,-0.1,7,0.143,0,0.143,3,3,1,1,3
Isaiah Thomas,PG,27,BOS,76,76,2569,26.5,0.441,4.4,32.6,34,10.9,1.6,12.6,4.8,1473,0.463,0.379,0.546,205,449,70,13,2199
Isaiah Whitehead,PG,21,BRK,73,26,1643,7.5,0.222,5.9,17.7,18.2,-1.7,0.9,-0.8,-1.2,508,0.402,0.295,0.445,184,192,42,36,543
Ish Smith,PG,28,DET,81,32,1955,14.7,0.136,6.6,32.5,20.5,0.9,2.2,3.1,0.6,749,0.439,0.267,0.458,235,418,61,33,758
Ivica Zubac,C,19,LAL,38,11,609,17,0.206,14.3,8.1,20.3,0.6,0.5,1.1,-0.1,238,0.529,0,0.529,159,30,14,33,284
J.J. Barea,PG,32,DAL,35,6,771,17.2,0.149,6.3,44.2,26.2,0.8,0.5,1.3,0.3,343,0.414,0.358,0.491,84,193,14,1,381
J.J. Redick,SG,32,LAC,78,78,2198,14.8,0.227,4.3,7.8,21.9,3.3,1.5,4.8,1.1,890,0.445,0.429,0.558,171,110,55,13,1173
J.R. Smith,SG,31,CLE,41,35,1187,8.1,0.042,5.2,7.3,14.6,0.1,0.8,0.8,0.2,356,0.346,0.351,0.479,113,62,40,11,351
JaMychal Green,PF,26,MEM,77,75,2101,13.5,0.334,14.8,6.3,14.4,3.1,2.6,5.8,1.4,500,0.5,0.379,0.555,544,84,46,34,689
JaVale McGee,C,29,GSW,77,10,739,25.2,0.348,18.1,3.8,23.8,2,1.5,3.5,0.5,319,0.652,0,0.652,244,17,19,67,472
Jabari Parker,PF,21,MIL,51,50,1728,19.1,0.268,10.6,14.3,26.5,2.6,1.5,4.1,1,814,0.49,0.365,0.53,314,142,51,22,1025
Jae Crowder,SF,26,BOS,72,72,2335,14.9,0.301,9.9,10.1,17,4.2,2.5,6.7,2.1,720,0.463,0.398,0.572,415,155,72,23,999
Jahlil Okafor,C,21,PHI,50,33,1134,14.8,0.335,11.7,9,24.1,0.1,1.1,1.2,-0.4,471,0.514,0,0.514,240,58,20,49,590
Jake Layman,SF,22,POR,35,1,249,4.9,0.191,5.3,6.2,19,-0.4,0.1,-0.3,-0.3,89,0.292,0.255,0.365,24,11,9,3,78
Jakob Poeltl,C,21,TOR,54,4,626,12.2,0.496,14.9,2.7,12.1,0.9,0.7,1.6,0.2,115,0.583,0,0.583,165,12,17,20,165
Jamal Crawford,SG,36,LAC,82,1,2157,12,0.234,3.3,15.1,22.7,0.5,1.4,1.9,-0.6,869,0.413,0.36,0.48,129,213,59,14,1008
Jamal Murray,SG,19,DEN,82,10,1764,11.9,0.164,6.7,14,21.6,0.6,0.7,1.4,-0.3,730,0.404,0.334,0.483,214,170,52,24,811
Jameer Nelson,PG,34,DEN,75,39,2045,11.4,0.104,5.2,26,15.8,2.3,0.5,2.8,0,604,0.444,0.388,0.531,192,385,53,8,687
James Ennis,SF,26,MEM,64,28,1501,10.6,0.343,9.9,6.5,13,1.4,1.7,3.2,0.8,321,0.455,0.372,0.534,259,64,46,19,429
James Harden,PG,27,HOU,81,81,2947,27.3,0.575,12.2,50.7,34.2,11.5,3.6,15,9,1533,0.44,0.347,0.525,659,906,120,37,2356
James Johnson,PF,29,MIA,76,5,2085,17,0.28,9.9,20.9,22,1.9,3.2,5.1,2.5,769,0.479,0.34,0.535,375,276,76,86,975
James Jones,SF,36,CLE,48,2,381,11.3,0.217,5.5,5.2,13,0.6,0.2,0.8,0,92,0.478,0.47,0.647,38,14,7,10,132
James Michael,PF,24,GSW,52,2,457,13,0.359,10.8,4.9,14.6,0.3,0.8,1.1,0.2,117,0.53,0.25,0.538,90,17,18,29,147
James Young,SG,21,BOS,29,0,220,10,0.155,6.6,2.6,13.3,0.1,0.2,0.3,-0.1,58,0.431,0.343,0.534,26,4,10,2,68
Jared Dudley,PF,31,PHO,64,7,1362,10.6,0.188,9,12.5,13.7,1.1,0.7,1.8,0.6,346,0.454,0.379,0.565,225,121,42,16,434
Jared Sullinger,PF,24,TOR,11,1,118,5.6,0.167,12.9,3.7,21,-0.2,0.1,-0.1,-0.2,48,0.313,0.167,0.344,27,3,4,1,37
Jarell Eddie,SF,25,PHO,5,0,62,9.7,0.474,6.1,0,16.2,0.1,0,0.1,-0.1,19,0.316,0.25,0.421,7,0,1,0,24
Jarell Martin,PF,22,MEM,42,3,558,8.7,0.331,16.6,2.2,16.4,-0.2,0.8,0.6,-0.6,151,0.384,0.36,0.414,162,8,17,9,165
Jarnell Stokes,C,23,DEN,2,0,7,31.5,2,15.8,40.1,11.4,0.1,0,0.1,0,1,1,0,1,2,2,1,0,3
Jarrett Jack,PG,33,NOP,2,0,33,7.7,0.667,0,20.3,9.2,0,0,0,-0.1,3,0.667,0,0.667,0,5,2,0,6
Jarrod Uthoff,PF,23,DAL,9,0,115,13.9,0.184,11.1,12.8,18.1,0.1,0.1,0.2,0,38,0.421,0.333,0.461,22,9,2,4,40
Jason Smith,C,30,WAS,74,3,1068,13.6,0.155,13.6,5,16.7,1,1.3,2.3,0.2,329,0.529,0.474,0.585,258,37,21,55,420
Jason Terry,SG,39,MIL,74,0,1365,9,0.119,4.5,9.9,9.8,1.2,0.9,2.1,0.3,243,0.432,0.427,0.582,106,98,45,20,307
Jaylen Brown,SF,20,BOS,78,20,1341,10.3,0.293,9.1,7.2,18.1,0.2,1.3,1.5,-0.7,423,0.454,0.341,0.508,220,64,35,18,515
Jeff Green,PF,30,ORL,69,11,1534,10.5,0.301,7.6,8.1,20.3,-0.2,0.9,0.7,-1,558,0.394,0.275,0.442,214,81,37,13,638
Jeff Teague,PG,28,IND,82,82,2657,19.2,0.457,7,36.4,22.1,5.7,2.4,8.1,2.6,909,0.442,0.357,0.492,331,639,100,32,1254
Jeff Withey,C,26,UTA,51,1,432,18.8,0.466,16.2,2.5,14.9,1,0.9,1.8,0.4,103,0.534,0,0.534,121,7,16,32,146
Jerami Grant,SF,22,TOT,80,4,1531,10.1,0.448,7.4,4.2,12.1,1.1,1.8,2.9,0,328,0.463,0.371,0.529,206,46,33,79,437
Jeremy Lamb,SG,24,CHO,62,5,1143,17,0.263,12.7,11.3,23.2,1.4,1.3,2.7,0.1,491,0.46,0.281,0.502,264,75,27,23,603
Jeremy Lin,PG,28,BRK,36,33,883,19.2,0.353,8.1,35.5,26.6,1.3,0.8,2.1,0.9,400,0.438,0.372,0.51,135,184,41,14,523
Jerian Grant,PG,24,CHI,63,28,1028,13.1,0.243,5.8,17.3,16,1.3,1.2,2.5,0.4,301,0.425,0.366,0.507,111,120,47,8,370
Jerryd Bayless,PG,28,PHI,3,1,71,8.7,0.313,9.3,29.4,27.7,-0.1,0,-0.1,-0.1,32,0.344,0.4,0.375,12,13,0,0,33
Jimmy Butler,SF,27,CHI,76,75,2809,25.1,0.54,9,24.8,26.5,10.1,3.8,13.8,6.3,1252,0.455,0.367,0.492,470,417,143,32,1816
Joakim Noah,C,31,NYK,46,46,1015,15.2,0.388,21.3,14.1,12.5,1.1,1.2,2.3,1.1,201,0.493,0,0.493,402,103,30,37,232
Jodie Meeks,SG,29,ORL,36,10,738,13.1,0.289,5.7,9.3,19.4,0.5,0.6,1.1,0,256,0.402,0.409,0.512,77,45,34,4,327
Joe Harris,SG,25,BRK,52,11,1138,9,0.135,6.8,7.3,16.5,0.1,0.6,0.8,-0.3,362,0.425,0.385,0.543,147,54,30,8,428
Joe Ingles,SF,29,UTA,82,26,1972,12.4,0.151,7.6,17.1,13.9,2,3,5,2.3,451,0.452,0.441,0.589,260,224,96,8,581
Joe Johnson,SF,35,UTA,78,14,1843,12.8,0.123,7.6,12.6,18.5,1.7,2.1,3.8,0.8,626,0.436,0.411,0.521,242,144,36,18,715
Joe Young,PG,24,IND,33,0,135,11.4,0.208,7.1,18,27.8,-0.2,0.1,-0.1,-0.2,72,0.361,0.217,0.396,17,15,4,0,68
Joel Anthony,C,34,SAS,19,0,122,11.6,0.5,14.4,3.4,8.7,0.1,0.2,0.4,0,16,0.625,0,0.625,31,3,2,6,25
Joel Bolomboy,PF,23,UTA,12,0,53,19.7,0.375,18.5,6.3,18.2,0.1,0.1,0.2,0,16,0.563,0.25,0.594,17,2,1,2,22
Joel Embiid,C,22,PHI,31,31,786,24.1,0.569,17,16,36,0.5,1.5,1.9,1,429,0.466,0.367,0.508,243,66,27,76,627
Joffrey Lauvergne,PF-C,25,TOT,70,1,980,12.6,0.217,14.1,10.8,18.5,0.4,1.1,1.5,-0.3,336,0.44,0.337,0.49,251,70,25,6,375
John Henson,C,26,MIL,58,39,1123,15.3,0.346,15.3,7.7,16.6,1.1,1.6,2.7,0.5,309,0.515,0,0.515,295,57,29,78,392
John Jenkins,SG,25,PHO,4,0,13,17.3,0.4,4.2,11.5,18.9,0,0,0,0,5,0.4,0.5,0.5,1,1,0,0,7
John Wall,PG,26,WAS,78,78,2836,23.2,0.367,6.5,46.9,30.6,5.7,3,8.8,4.3,1435,0.451,0.327,0.482,326,831,157,49,1805
Johnny O'Bryant,PF,23,TOT,11,0,80,14.9,0.2,13.1,12.7,21.1,0.1,0,0.1,0,30,0.5,0.5,0.55,19,6,0,1,38
Jon Leuer,PF,27,DET,75,34,1944,14.2,0.175,11.3,8.6,17.3,2.5,2,4.5,1.1,646,0.48,0.293,0.518,402,111,31,26,767
Jonas Jerebko,PF,29,BOS,78,6,1232,9.3,0.141,12.3,8.1,11.4,0.8,1.3,2.1,0,262,0.435,0.346,0.521,273,71,26,17,299
Jonas Valanciunas,C,24,TOR,80,80,2066,20.1,0.309,20.8,4.4,19.5,4.9,3,7.9,0.7,702,0.557,0.5,0.558,759,57,37,63,959
Jonathan Gibson,PG,29,DAL,17,0,231,9.5,0.305,5.5,18.8,26.3,-0.3,0.2,-0.1,-0.2,95,0.368,0.333,0.447,22,26,8,0,106
Jonathon Simmons,SG,27,SAS,78,8,1392,9.9,0.314,6.5,13.2,18,-0.1,2.1,2,0,421,0.42,0.294,0.456,160,126,47,25,483
Jordan Clarkson,SG,24,LAL,82,19,2397,13.1,0.157,5.6,14.4,23.3,0.5,0.7,1.2,-0.4,1071,0.445,0.329,0.5,246,213,88,8,1205
Jordan Crawford,SG,28,NOP,19,0,442,17.6,0.119,4.1,22.7,25.5,0.6,0.3,0.9,0.2,218,0.482,0.389,0.567,34,57,11,2,267
Jordan Farmar,PG,30,SAC,2,0,35,14.4,0,4.9,38.6,19.4,0,0,0,0,12,0.333,0.444,0.5,3,9,2,0,12
Jordan Hill,C,29,MIN,7,0,47,5.5,0.154,17.4,0,16.8,-0.1,0,0,-0.1,13,0.385,0,0.385,14,0,1,0,12
Jordan McRae,SG,25,CLE,37,4,384,9.7,0.227,5.7,7.4,20.8,-0.1,0.2,0.2,-0.4,150,0.387,0.353,0.447,40,19,8,6,161
Jordan Mickey,PF,22,BOS,25,1,141,9.8,0.412,13.4,7.1,15.5,-0.1,0.2,0.1,-0.1,34,0.441,0,0.441,34,7,3,6,38
Jose Calderon,PG,35,TOT,41,13,539,8.9,0.09,7.5,23.3,14.4,0,0.3,0.3,-0.4,134,0.41,0.313,0.485,74,88,11,1,141
Josh Huestis,PF,25,OKC,2,0,31,26.1,0.091,16.1,15.5,15.7,0.1,0,0.2,0.1,11,0.545,0.5,0.636,9,3,0,3,14
Josh McRoberts,PF,29,MIA,22,14,381,9.8,0.076,10.7,18.9,16.9,-0.1,0.4,0.3,0,118,0.373,0.419,0.428,74,50,10,4,107
Josh Richardson,SG,23,MIA,53,34,1614,10.7,0.15,5.8,12.7,16.8,0.3,1.9,2.2,0.9,513,0.394,0.33,0.467,168,140,60,39,539
Jrue Holiday,PG,26,NOP,67,61,2190,17.1,0.188,6.4,35.9,23.5,1.2,2.6,3.8,2,894,0.453,0.356,0.509,264,488,100,43,1029
Juan Hernangomez,PF,21,DEN,62,9,842,13.3,0.339,12.3,4.7,14.6,1.2,0.6,1.8,0.1,224,0.451,0.407,0.554,187,29,29,12,305
Julius Randle,PF,22,LAL,74,73,2132,16.3,0.365,16.3,19.3,21.4,2,1.5,3.5,1.1,773,0.488,0.27,0.499,636,264,49,37,975
Justin Anderson,SF,23,TOT,75,10,1228,13.9,0.294,11.3,8.8,20.9,0.6,1.3,1.9,0.1,439,0.424,0.299,0.49,245,66,41,23,532
Justin Hamilton,C,26,BRK,64,7,1177,13.6,0.137,11.8,7.3,16.2,1,1,2.1,0.4,379,0.459,0.304,0.532,262,55,29,43,442
Justin Harper,PF,27,PHI,3,0,31,4.9,0,8.9,10.5,22.4,-0.1,0,-0.1,-0.1,12,0.417,0.286,0.5,5,2,0,0,12
Justin Holiday,SG,27,NYK,82,4,1639,12.7,0.149,7.4,9.2,16.9,1.3,1.2,2.5,0.4,538,0.433,0.355,0.523,225,102,65,31,629
Justise Winslow,SF,20,MIA,18,15,625,8.2,0.209,8.3,15.5,19.8,-0.9,0.8,-0.1,-0.1,225,0.356,0.2,0.371,94,66,27,6,196
Jusuf Nurkic,C,22,TOT,65,48,1391,17.5,0.393,18.6,13.9,23.9,0.2,1.8,2,0.6,534,0.507,0,0.507,467,123,50,74,662
K.J. McDaniels,SF,23,TOT,49,0,505,11.5,0.225,8.7,4,18.1,0,0.5,0.5,-0.3,169,0.456,0.303,0.515,82,13,19,18,206
Karl-Anthony Towns,C,21,MIN,82,82,3030,26,0.289,19.4,13.2,27.5,9.9,2.8,12.7,5.4,1479,0.542,0.367,0.576,1007,220,57,103,2061
Kawhi Leonard,SF,25,SAS,74,74,2474,27.5,0.407,9.8,18.9,31.1,8.9,4.7,13.6,6.2,1311,0.485,0.381,0.541,430,260,132,55,1888
Kay Felder,PG,21,CLE,42,0,386,11.2,0.31,5.9,22.7,24.3,-0.3,0.4,0,-0.4,158,0.392,0.318,0.415,41,58,18,7,166
Kelly Olynyk,C,25,BOS,75,6,1538,15.2,0.242,13,15.2,19,2.2,1.9,4.1,1,508,0.512,0.354,0.579,360,148,43,29,678
Kelly Oubre,SF,21,WAS,79,5,1605,9.1,0.224,9.1,4,14.5,0.6,1.4,2.1,-0.1,442,0.421,0.287,0.482,260,47,58,17,501
Kemba Walker,PG,26,CHO,79,79,2739,21.3,0.248,6.2,29.1,29.2,5.9,2.2,8.1,3.9,1449,0.444,0.399,0.527,308,435,85,22,1830
Kenneth Faried,PF,27,DEN,61,34,1296,20.3,0.454,19.7,6.3,18.3,3.4,1.2,4.6,0.9,416,0.548,0,0.548,461,55,43,40,587
Kent Bazemore,SF,27,ATL,73,64,1963,11.5,0.233,6.5,14.2,20.5,-0.6,2.8,2.1,0.6,721,0.409,0.346,0.473,231,177,91,52,801
Kentavious Caldwell-Pope,SG,23,DET,76,75,2529,12.8,0.199,5.3,11.2,19.2,2,2.5,4.5,1.9,928,0.399,0.35,0.481,248,193,89,12,1047
Kevin Durant,SF,28,GSW,62,62,2070,27.6,0.374,13.6,23.1,27.8,8,4,12,5.2,1026,0.537,0.375,0.594,513,300,66,99,1555
Kevin Love,PF,28,CLE,60,60,1885,21.1,0.34,19.5,9.8,26.4,4,2.4,6.4,1.3,867,0.427,0.373,0.51,666,116,53,22,1142
Kevin Seraphin,PF,27,IND,49,3,559,14.4,0.111,14.3,6.7,19,0.4,0.6,1,-0.2,198,0.551,0,0.551,142,23,7,20,232
Kevon Looney,C,20,GSW,53,4,447,13.4,0.318,15.2,8.5,13.4,0.7,0.8,1.4,0.3,107,0.523,0.222,0.533,124,29,14,17,135
Khris Middleton,SF,25,MIL,29,23,889,15,0.276,8.1,17.5,22.5,0.7,0.9,1.6,0.3,333,0.45,0.433,0.518,123,99,41,7,426
Klay Thompson,SG,26,GSW,78,78,2649,17.4,0.158,5.9,9.3,26.1,4.2,2.9,7.1,1.5,1376,0.468,0.414,0.565,285,160,66,40,1742
Kosta Koufos,C,27,SAC,71,62,1419,13.8,0.158,16.4,5.3,15.3,1.2,1.4,2.6,0,392,0.551,0,0.551,403,47,36,48,470
Kris Dunn,PG,22,MIN,78,7,1333,8.1,0.188,7.3,19.4,14.2,-1.2,1.3,0.1,-0.1,313,0.377,0.288,0.411,166,188,78,36,293
Kris Humphries,PF,31,ATL,56,4,689,13.6,0.383,16.4,6.4,17.6,0.6,1.1,1.6,-0.1,214,0.407,0.352,0.451,206,29,15,21,257
Kristaps Porzingis,PF,21,NYK,66,65,2164,17.4,0.256,11.8,7.3,24.3,2.4,2.1,4.5,1.2,985,0.45,0.357,0.507,475,97,47,130,1196
Kyle Anderson,SG,23,SAS,72,14,1020,12.5,0.273,11.5,12.4,12.1,0.7,2,2.7,0.9,209,0.445,0.375,0.481,208,91,51,26,246
Kyle Korver,SG,35,TOT,67,22,1753,12.1,0.082,5.9,9.4,15.2,2.3,1.3,3.7,0.8,515,0.464,0.451,0.621,187,110,34,21,678
Kyle Lowry,PG,30,TOR,60,60,2244,22.9,0.398,7.3,29.9,24.9,7.8,2.3,10.1,4.9,918,0.464,0.412,0.569,288,417,88,19,1344
Kyle O'Quinn,C,26,NYK,79,8,1229,20.5,0.201,19.2,14.8,18.5,2.1,1.8,3.9,1.7,413,0.521,0.118,0.523,439,117,36,104,496
Kyle Singler,SF,28,OKC,32,2,385,5.9,0.205,6.9,3.2,11.2,0,0.3,0.3,-0.4,83,0.41,0.189,0.452,48,9,7,5,88
Kyle Wiltjer,PF,24,HOU,14,0,44,6.7,0.143,12.4,6.1,19.1,-0.1,0.1,0,0,14,0.286,0.308,0.429,10,2,3,1,13
Kyrie Irving,PG,24,CLE,72,72,2525,23,0.231,5,29.7,30.8,7.4,1.5,8.9,2.9,1420,0.473,0.401,0.535,230,418,83,25,1816
LaMarcus Aldridge,PF,31,SAS,72,72,2335,18.6,0.258,12.7,9.9,24.5,3.5,3.7,7.3,1.8,1049,0.477,0.411,0.488,524,139,46,89,1243
Lamar Patterson,SG,25,ATL,5,0,40,-1.9,0.2,9.6,21.1,22.2,-0.2,0,-0.1,-0.1,15,0.2,0.167,0.233,7,6,1,0,9
Lance Stephenson,SG,26,TOT,18,0,361,9.6,0.108,8,24.8,18.7,-0.2,0.2,0.1,-0.3,120,0.45,0.3,0.475,52,59,5,3,122
Lance Thomas,PF,28,NYK,46,15,968,8.4,0.209,7.9,5,13.1,0.6,0.4,0.9,-0.4,244,0.398,0.447,0.475,142,35,21,5,275
Langston Galloway,PG,25,TOT,74,2,1495,10.4,0.117,5.6,9.4,18.4,0.2,1.1,1.3,-0.2,545,0.38,0.39,0.49,156,93,46,6,585
Larry Nance,PF,24,LAL,63,7,1442,15.8,0.222,14,9.7,13.4,2.1,1.5,3.5,1.5,361,0.526,0.278,0.54,369,96,82,40,449
Larry Sanders,C,28,CLE,5,0,13,6.5,0.5,17,0,23.6,0,0,0,0,4,0.25,0,0.25,4,0,1,1,4
Lavoy Allen,PF,27,IND,61,5,871,11.6,0.196,14.2,9.1,10.9,0.9,0.8,1.7,0.4,168,0.458,0,0.458,220,57,18,24,177
LeBron James,SF,32,CLE,74,74,2794,27,0.395,12.6,41.3,30,9.8,3,12.9,7.3,1344,0.548,0.363,0.594,640,646,92,44,1954
Leandro Barbosa,SG,34,PHO,67,0,963,11.5,0.115,5.9,13,20,0.3,0.4,0.6,-0.5,392,0.439,0.357,0.483,104,81,31,8,419
Lou Williams,SG,30,TOT,81,1,1994,21.4,0.458,5.5,19.9,29.1,5.1,1,6.1,1.4,998,0.429,0.365,0.511,202,239,80,19,1421
Lucas Nogueira,C,24,TOR,57,6,1088,15.5,0.429,12.6,5.4,9.5,1.7,2,3.7,2,156,0.66,0.25,0.67,243,42,52,90,253
Luis Scola,PF,36,BRK,36,1,461,13.9,0.245,16,12.7,18.7,0.4,0.4,0.8,0.1,151,0.47,0.34,0.526,139,37,14,4,184
Luke Babbitt,SF,27,MIA,68,55,1065,8.4,0.053,7.4,4.8,13,0.8,1,1.8,0.1,281,0.402,0.414,0.557,142,36,21,11,324
Luol Deng,SF,31,LAL,56,49,1486,10.1,0.149,10.8,7,14.2,0.1,0.8,0.9,-0.2,424,0.387,0.309,0.447,295,74,48,20,425
Malachi Richardson,SG,21,SAC,22,0,198,9.6,0.279,6.7,8.7,19.3,0,0.1,0.1,-0.2,68,0.412,0.286,0.471,23,11,5,1,79
Malcolm Brogdon,SG,24,MIL,75,28,1982,14.9,0.198,6.3,24.3,18.5,2.6,1.5,4.1,0.8,635,0.457,0.404,0.518,213,317,84,12,767
Malcolm Delaney,PG,27,ATL,73,2,1248,7.5,0.24,5.5,23.1,18.3,-1.1,1.3,0.1,-1.2,388,0.374,0.236,0.407,124,193,39,1,391
Malik Beasley,SG,20,DEN,22,1,165,13.7,0.137,5.7,10.2,22,0.1,0.1,0.2,-0.1,73,0.452,0.321,0.514,17,11,7,0,83
Manny Harris,SG,27,DAL,4,0,25,-2.2,0.267,20.9,12.7,35.4,-0.2,0,-0.2,-0.1,15,0.2,0,0.2,9,2,0,0,8
Manu Ginobili,SG,39,SAS,69,0,1291,13.9,0.244,6.9,20.8,20.4,0.6,2.4,3,1.3,439,0.39,0.392,0.491,157,183,82,16,517
Marc Gasol,C,32,MEM,74,74,2531,20.2,0.286,10.4,24.8,26.4,4.2,3.5,7.7,4,1160,0.459,0.388,0.503,462,338,67,99,1446
Marcelo Huertas,PG,33,LAL,23,1,237,9.1,0.25,5.5,30.8,17,-0.2,0.1,-0.1,-0.3,68,0.368,0.211,0.397,24,52,10,2,63
Marcin Gortat,C,32,WAS,82,82,2556,15.5,0.236,18.7,6.8,14.7,3.9,2.9,6.8,1.5,674,0.579,0,0.579,849,121,40,65,883
Marco Belinelli,SG,30,CHO,74,0,1778,13.3,0.273,5.5,13.1,19.2,2,1.2,3.2,0.1,615,0.429,0.36,0.512,178,147,44,9,780
Marcus Georges-Hunt,SG,22,ORL,5,0,48,10.2,1.429,10.2,8.3,12.3,0.1,0,0.1,0,7,0.286,0.5,0.357,9,3,1,0,14
Marcus Morris,SF,27,DET,79,79,2565,12.4,0.184,7.8,9.4,20.3,1.4,2.4,3.9,1,1007,0.418,0.331,0.477,366,160,52,25,1105
Marcus Smart,SG,22,BOS,79,24,2399,12,0.334,7.1,22,18.8,0.5,2.7,3.2,1,749,0.359,0.283,0.422,306,364,125,34,835
Marcus Thornton,SG,29,WAS,33,1,575,10.4,0.129,7.5,10.1,18.7,0.1,0.4,0.5,-0.2,210,0.4,0.35,0.467,76,41,19,3,219
Mario Hezonja,SF,21,ORL,65,2,960,7.2,0.152,8.3,9.6,18.8,-1.4,0.7,-0.7,-0.9,330,0.355,0.299,0.42,146,62,30,14,317
Markieff Morris,PF,27,WAS,76,76,2374,13.7,0.242,11.7,7.8,20.5,1.6,2.5,4.1,0.6,889,0.457,0.362,0.497,492,126,82,42,1063
Marquese Chriss,PF,19,PHO,82,75,1743,12.3,0.286,10.8,5.2,19.7,0.3,1.5,1.8,0.2,632,0.449,0.321,0.506,348,60,67,70,753
Marreese Speights,C,29,LAC,82,2,1286,17.6,0.25,16.2,8.1,23.6,2.5,1.7,4.2,0.9,548,0.445,0.372,0.539,373,66,23,41,711
Marshall Plumlee,C,24,NYK,21,1,170,10.9,0.633,16.2,8.1,12.8,0,0.1,0.2,0,30,0.533,0,0.533,51,10,4,4,40
Marvin Williams,PF,30,CHO,76,76,2295,13.7,0.213,11.9,7.1,16.3,2.4,2.6,5,1.3,704,0.422,0.35,0.51,498,106,58,53,849
Mason Plumlee,C,26,TOT,81,64,2148,18.1,0.482,15.6,19.8,18.1,3.6,2.5,6,2.5,623,0.536,0,0.536,606,284,69,92,842
Matt Barnes,SF,36,TOT,74,18,1777,10.3,0.188,12.4,15.6,15.6,0.3,1.7,2,0.6,473,0.391,0.331,0.483,387,194,48,26,527
Matthew Dellavedova,PG,26,MIL,76,54,1986,9.4,0.18,4.3,25.7,16.3,0.3,0.9,1.2,-1.4,534,0.39,0.367,0.463,147,357,53,0,577
Maurice Harkless,SF,23,POR,77,69,2223,13.2,0.199,8.5,6,15.1,2.4,1.9,4.2,1.5,624,0.503,0.351,0.558,341,89,85,70,773
Maurice Ndour,PF,24,NYK,32,4,331,11.3,0.302,10.4,3.5,14.3,0.1,0.3,0.4,-0.1,86,0.453,0.143,0.459,64,8,15,8,98
Metta World,SF,37,LAL,25,2,160,6.2,0.235,6.8,9.8,21.9,-0.3,0.1,-0.2,-0.2,68,0.279,0.237,0.346,20,11,9,2,57
Meyers Leonard,PF,24,POR,74,12,1222,8.9,0.106,10.7,8.4,15.5,0.5,0.8,1.4,-0.4,378,0.386,0.347,0.484,236,71,13,28,401
Michael Beasley,PF,28,MIL,56,6,935,17.8,0.259,12,9.9,25.3,0.8,1,1.8,-0.2,406,0.532,0.419,0.554,193,53,28,27,528
Michael Carter-Williams,PG,25,CHI,45,19,846,9.9,0.252,9.7,20,20.9,-1,1.3,0.2,-0.1,306,0.366,0.234,0.391,152,113,38,23,297
Michael Gbinije,SG,24,DET,9,0,32,-2.1,0.2,5.1,7.9,15,-0.1,0,-0.1,-0.1,10,0.1,0,0.1,3,2,0,0,4
Michael Kidd-Gilchrist,SF,23,CHO,81,81,2349,14.3,0.314,13.2,7.4,14.6,2.7,3.1,5.8,1.3,618,0.477,0.111,0.478,565,114,81,77,743
Mike Conley,PG,29,MEM,69,68,2292,23.2,0.365,6,34.5,26.3,7.5,2.5,10,4.5,1009,0.46,0.408,0.545,242,433,92,19,1415
Mike Dunleavy,SF,36,TOT,53,2,841,10.1,0.205,7.5,8.6,14,0.8,0.7,1.5,0,220,0.423,0.396,0.543,115,50,15,7,275
Mike Miller,SF,36,DEN,20,0,151,7.8,0.087,14.3,18.3,10.4,0,0.1,0.1,-0.1,23,0.391,0.4,0.565,39,22,2,0,28
Mike Muscala,C,25,ATL,70,3,1237,14.4,0.19,10.7,11.9,14.8,1.8,1.6,3.4,1,337,0.504,0.418,0.573,240,95,30,41,435
Mike Scott,PF,28,ATL,18,0,195,5.9,0.136,10.4,12.5,15.8,-0.3,0.2,-0.1,-0.2,59,0.288,0.148,0.322,37,17,4,3,45
Mike Tobey,C,22,CHO,2,0,25,-0.1,0,6.6,5.4,9,0,0,0,0,4,0.25,0,0.25,3,1,0,0,2
Miles Plumlee,C,28,TOT,45,12,484,8.4,0.424,11.1,6.1,13.1,-0.1,0.5,0.5,-0.2,92,0.478,0,0.478,95,21,18,13,113
Mindaugas Kuzminskas,SF,27,NYK,68,5,1016,12.4,0.184,6.7,10.3,19.2,0.8,0.4,1.2,-0.2,369,0.428,0.321,0.501,126,69,29,11,425
Mirza Teletovic,PF,31,MIL,70,2,1133,8.8,0.108,8.3,6.4,19.1,-0.1,0.7,0.6,-0.8,418,0.373,0.341,0.498,162,48,12,13,451
Monta Ellis,SG,31,IND,74,33,1998,10,0.23,5.7,17.2,16.8,-0.7,1.7,1.1,-0.2,557,0.443,0.319,0.482,204,236,79,27,630
Montrezl Harrell,C,23,HOU,58,14,1064,19.2,0.351,11.2,9.6,17.6,3.1,1,4.1,0.8,345,0.652,0.143,0.654,219,64,20,42,527
Myles Turner,C,20,IND,81,81,2541,18.5,0.349,13,6.6,19.5,4.3,3.7,8,2.8,869,0.511,0.348,0.534,587,106,74,173,1173
Nemanja Bjelica,PF,28,MIN,65,1,1190,11,0.171,12,9.6,16.4,0.6,0.9,1.5,0.3,356,0.424,0.316,0.503,244,79,40,20,403
Nene Hilario,C,34,HOU,67,8,1198,18.9,0.496,12.8,8.6,19.7,2.5,1.6,4.1,0.8,397,0.617,0.333,0.621,281,65,56,40,609
Nerlens Noel,C,22,TOT,51,19,1047,20.4,0.359,15.9,8.1,17.6,2.1,1.9,4,1.4,309,0.595,0,0.595,294,50,65,51,445
Nick Collison,PF,36,OKC,20,0,128,12.8,0.348,13,13.2,10.1,0.3,0.1,0.4,0,23,0.609,0,0.609,30,12,2,2,33
Nick Young,SG,31,LAL,60,60,1556,14.1,0.142,4.8,5.8,19.5,3,0.2,3.2,0.5,633,0.43,0.404,0.564,137,58,37,14,791
Nicolas Batum,SG,28,CHO,77,77,2617,15.8,0.291,10.1,27.6,22.3,1.7,2.8,4.5,2.1,975,0.403,0.333,0.472,481,455,86,29,1164
Nicolas Brussino,SF,23,DAL,54,2,521,10.7,0.156,10.6,13.9,16,0,0.6,0.6,0.1,141,0.369,0.305,0.472,95,47,17,8,150
Nicolas Laprovittola,PG,27,SAS,18,3,174,8.4,0.191,3.3,23,18.2,0,0.2,0.2,-0.1,47,0.426,0.37,0.532,10,28,4,1,59
Nik Stauskas,SG,23,PHI,80,27,2188,9,0.237,5.7,12.9,16.4,0.1,1.4,1.4,-0.2,634,0.396,0.368,0.5,226,188,45,32,756
Nikola Jokic,C,21,DEN,73,59,2038,26.4,0.267,19.5,28.8,23.5,7.7,2,9.7,5.3,854,0.578,0.324,0.605,718,359,61,56,1221
Nikola Mirotic,PF,25,CHI,70,15,1679,14.5,0.205,12.3,6.9,19.8,1.3,2.5,3.8,1,625,0.413,0.342,0.516,384,75,53,56,744
Nikola Vucevic,C,26,ORL,75,55,2163,19.1,0.155,19.6,16.9,24.8,0.8,3.2,4,1.7,1031,0.468,0.307,0.48,779,208,77,74,1096
Noah Vonleh,PF,21,POR,74,41,1265,10.8,0.348,17,3.4,13.1,0.6,1.2,1.8,-0.6,270,0.481,0.35,0.494,387,31,30,27,327
Norman Powell,SG,23,TOR,76,18,1368,14,0.314,6.9,9.3,21.1,1.4,1.4,2.8,0.2,506,0.449,0.324,0.504,168,82,51,14,636
Norris Cole,PG,28,OKC,13,0,125,5.4,0.192,4.9,16.3,21.5,-0.2,0.2,-0.1,-0.2,52,0.308,0.231,0.337,11,14,8,0,43
Okaro White,PF,24,MIA,35,0,471,7.5,0.253,9.6,6,10.8,0.1,0.5,0.6,0,87,0.379,0.353,0.448,82,21,10,10,98
Omer Asik,C,30,NOP,31,19,482,9.8,0.6,17.8,4.2,8.8,0.4,0.6,1,-0.1,65,0.477,0,0.477,163,15,5,10,85
Omri Casspi,SF,28,TOT,36,2,643,9.9,0.176,10.1,8.6,14.5,0.1,0.4,0.5,-0.2,165,0.467,0.349,0.512,112,37,23,3,186
Otto Porter,SF,23,WAS,80,80,2605,17.3,0.148,11.1,6.7,15.1,6.5,2.9,9.4,3.9,803,0.516,0.434,0.608,515,121,116,41,1075
P.J. Tucker,SF,31,TOT,81,21,2236,10.5,0.193,11.6,6,11.2,1.4,2.2,3.6,1.6,482,0.413,0.357,0.485,472,99,116,19,540
Pascal Siakam,PF,22,TOR,55,38,859,11.5,0.156,12.2,2.9,13.1,0.4,1.2,1.6,0.2,205,0.502,0.143,0.505,185,17,26,45,229
Pat Connaughton,SG,24,POR,39,1,316,11.8,0.125,9.1,12.7,13,0.4,0.2,0.6,0,72,0.514,0.515,0.632,52,28,6,2,98
Patricio Garino,SG,23,ORL,5,0,43,-9.2,0,8.9,0,10.2,-0.2,0,-0.2,-0.2,7,0,0,0,7,0,0,0,0
Patrick Beverley,SG,28,HOU,67,67,2058,13,0.175,10.4,18.8,14.1,2.9,2.4,5.3,2.2,543,0.42,0.382,0.521,394,281,99,25,639
Patrick McCaw,SG,21,GSW,71,20,1074,8.6,0.151,5.2,9,11.9,0.6,1.2,1.7,0.1,245,0.433,0.333,0.516,101,77,32,15,282
Patrick Patterson,PF,27,TOR,65,8,1599,10.8,0.156,10.3,6.6,12.5,1.7,1.6,3.3,1.2,384,0.401,0.372,0.523,291,76,40,23,445
Patty Mills,PG,28,SAS,80,8,1754,15.2,0.129,4.6,24.3,19.5,2.8,2.2,5.1,1.5,622,0.439,0.413,0.557,142,280,65,3,759
Pau Gasol,C,36,SAS,64,39,1627,20.2,0.305,17.4,14.7,21.3,3.3,3.1,6.4,2.4,604,0.502,0.538,0.548,501,150,24,70,792
Paul George,SF,26,IND,75,75,2689,20.2,0.277,10.3,16.1,28.9,4,3.1,7.1,3.2,1349,0.461,0.393,0.533,492,251,117,27,1775
Paul Millsap,PF,31,ATL,69,67,2343,17.8,0.417,12.5,17.9,24.4,2.6,3.8,6.4,2.7,972,0.442,0.311,0.481,533,252,90,62,1246
Paul Pierce,SF,39,LAC,25,7,277,5.7,0.186,9.7,5,14.8,-0.2,0.3,0.1,-0.2,70,0.4,0.349,0.507,48,10,4,5,81
Paul Zipser,SF,22,CHI,44,18,843,6.9,0.181,8,6.1,14.4,-0.3,0.8,0.5,-0.4,221,0.398,0.333,0.473,125,36,15,16,240
Pierre Jackson,PG,25,DAL,8,1,84,13,0.179,6.2,38,25.3,0,0.1,0,-0.1,39,0.333,0.273,0.372,9,19,2,0,35
Quincy Acy,PF,26,TOT,38,1,558,11.8,0.353,11,4.9,16.8,0.5,0.5,0.9,-0.1,170,0.412,0.411,0.521,115,18,14,15,222
Quinn Cook,PG,23,TOT,14,0,188,11.8,0.076,2,22.8,19.6,0.1,0.1,0.2,-0.2,66,0.5,0.423,0.583,7,26,4,0,79
R.J. Hunter,SG,23,CHI,3,0,9,-3.2,0,6,0,4.8,0,0,0,0,1,0,0,0,1,0,0,0,0
Rajon Rondo,PG,30,CHI,69,42,1843,13.6,0.089,10.4,37,17.8,-0.3,2.7,2.3,1.1,561,0.408,0.376,0.453,355,461,99,11,538
Rakeem Christmas,PF,25,IND,29,0,219,10.4,0.674,14.4,2.5,13.1,0.3,0.2,0.5,-0.1,43,0.442,0,0.442,56,4,3,6,59
Ramon Sessions,PG,30,CHO,50,1,811,12.3,0.449,4.9,24.2,20.1,0.3,0.6,0.9,-0.6,263,0.38,0.339,0.42,73,129,26,3,312
Randy Foye,SG,33,BRK,69,40,1284,7.3,0.194,6.4,15.2,14.4,-0.6,0.7,0.2,-0.6,325,0.363,0.33,0.466,155,135,35,9,357
Rashad Vaughn,SG,20,MIL,41,2,458,7.8,0.032,6.2,7.4,17.2,-0.5,0.4,0,-0.3,156,0.365,0.321,0.449,49,23,19,10,142
Raul Neto,PG,24,UTA,40,0,346,10.7,0.099,5,15.1,14.8,0.2,0.6,0.7,0.1,91,0.451,0.323,0.505,30,34,21,5,100
Raymond Felton,PG,32,LAC,80,11,1700,10.9,0.125,7.1,16.3,16.5,0.2,1.8,2,0.5,514,0.43,0.319,0.475,217,191,67,22,538
Reggie Bullock,SF,25,DET,31,5,467,11.7,0.055,7.5,8.8,13.4,0.4,0.5,1,0.2,128,0.422,0.384,0.531,64,29,18,3,141
Reggie Jackson,PG,26,DET,52,50,1424,14.9,0.201,4.3,30.3,26.4,0.8,1.2,1.9,0.2,677,0.419,0.359,0.468,113,270,35,5,752
Reggie Williams,SF,30,NOP,6,0,79,11.7,0.304,4,7.2,14.6,0.1,0.1,0.2,0,23,0.348,0.455,0.457,6,4,3,0,27
Richard Jefferson,SF,36,CLE,79,13,1614,8.2,0.315,6.9,6.6,12.2,1.3,0.8,2.1,-0.1,343,0.446,0.333,0.536,202,78,26,10,448
Richaun Holmes,C,23,PHI,57,17,1193,18.6,0.25,14.4,8.3,18.6,2.2,1.6,3.7,1.1,412,0.558,0.351,0.591,311,58,42,55,559
Ricky Rubio,PG,26,MIN,75,75,2469,16.8,0.438,7.2,38.9,17.4,4.5,1.7,6.1,1.7,650,0.402,0.306,0.448,305,682,128,10,836
Robert Covington,SF,26,PHI,67,67,2119,13.2,0.238,11.3,7.5,19.2,0,3.2,3.1,1.8,732,0.399,0.333,0.492,436,102,127,69,864
Robin Lopez,C,28,CHI,81,81,2271,14.4,0.134,12.3,5.6,17.5,1.8,2.4,4.3,0.6,775,0.493,0,0.493,519,80,18,117,839
Rodney Hood,SG,24,UTA,59,55,1593,12.4,0.173,7.3,10.1,22.9,0.7,1.9,2.6,0.3,666,0.408,0.371,0.494,202,96,38,11,748
Rodney McGruder,SG,25,MIA,78,65,1966,9.1,0.154,7.2,8.8,12.3,1.2,1.7,2.9,0.8,460,0.413,0.332,0.492,257,124,45,18,497
Rodney Stuckey,PG,30,IND,39,0,696,9.5,0.439,6.8,17.7,22.2,-0.5,0.4,-0.1,-0.7,244,0.373,0.317,0.412,84,84,16,0,281
Ron Baker,SG,23,NYK,52,13,857,7.5,0.198,6.2,17.3,14.8,-0.6,0.5,-0.1,-0.5,217,0.378,0.267,0.431,98,107,34,8,215
Rondae Hollis-Jefferson,SF,22,BRK,78,50,1761,13.7,0.467,13.6,13.4,18.7,0.4,2.2,2.6,0.4,542,0.434,0.224,0.447,452,154,82,44,675
Ronnie Price,PG,33,PHO,14,0,134,5.9,0.167,4.5,16.9,9,-0.1,0.1,0,0,24,0.167,0.176,0.229,11,18,11,1,14
Roy Hibbert,C,30,TOT,48,13,682,13.6,0.51,12.4,4.6,14,1,0.8,1.8,0.2,147,0.544,0,0.544,154,21,8,46,221
Rudy Gay,SF,30,SAC,30,30,1013,17.9,0.312,10.8,13.9,25.8,0.8,1,1.8,0.7,442,0.455,0.372,0.502,190,82,44,26,562
Rudy Gobert,C,24,UTA,81,81,2744,23.3,0.763,21.8,5.7,16.7,8.3,6,14.3,5.4,624,0.662,0,0.662,1035,97,49,214,1137
Russell Westbrook,PG,28,OKC,81,81,2802,30.6,0.433,17.1,57.3,41.7,8.5,4.6,13.1,12.4,1941,0.425,0.343,0.476,864,840,133,31,2558
Ryan Anderson,PF,28,HOU,72,72,2116,13.5,0.194,8.5,4.7,17.9,4,1.1,5.2,0.6,773,0.418,0.403,0.55,330,68,32,14,979
Ryan Kelly,PF,25,ATL,16,0,110,7.8,0.214,9,10.2,13.7,-0.1,0.2,0.1,-0.1,28,0.286,0.4,0.357,18,8,4,5,25
Salah Mejri,C,30,DAL,73,11,905,14.8,0.445,19.8,2.4,10.6,1.3,1.7,3,0.5,137,0.642,0.333,0.646,308,14,32,61,213
Sam Dekker,SF,22,HOU,77,2,1419,13,0.159,10.9,7.7,14.9,1.9,1.2,3.1,0.3,429,0.473,0.321,0.543,284,76,38,21,504
Sasha Vujacic,SG,32,NYK,42,4,408,8.6,0.176,7.8,17.9,17.3,-0.1,0.2,0.1,-0.2,136,0.309,0.311,0.393,59,52,13,2,124
Sean Kilpatrick,SG,27,BRK,70,24,1754,13.1,0.329,8.4,14.6,23.9,0.3,1.1,1.4,-0.4,735,0.415,0.341,0.486,280,157,46,6,919
Semaj Christon,PG,24,OKC,64,1,973,5.7,0.139,5,18.1,12.2,-0.7,0.8,0.1,-1.1,223,0.345,0.19,0.372,88,130,28,6,183
Serge Ibaka,PF,27,TOT,79,79,2422,16.4,0.127,12.2,5.2,20.9,2.5,2.6,5.1,1,982,0.48,0.391,0.543,538,75,41,124,1173
Sergio Rodriguez,PG,30,PHI,68,30,1518,11,0.05,5.7,35.4,19.3,-0.3,1,0.7,-0.7,536,0.392,0.365,0.478,157,344,48,4,530
Seth Curry,PG,26,DAL,70,42,2029,15.5,0.142,5.1,15.9,19.5,2.9,1.7,4.6,1.7,703,0.481,0.425,0.578,178,188,79,7,898
Shabazz Muhammad,SF,24,MIN,78,1,1516,14.9,0.318,8.5,3.7,21.5,2.5,0.2,2.7,-0.9,598,0.482,0.336,0.523,220,35,22,6,772
Shabazz Napier,PG,25,POR,53,2,512,13.6,0.268,6.6,19.5,21.2,0.1,0.5,0.6,0,183,0.399,0.37,0.492,61,67,32,2,218
Shaun Livingston,PG,31,GSW,76,3,1345,10.1,0.19,6.2,13.5,12.9,1.1,1.6,2.6,0,316,0.547,0.333,0.549,151,139,38,20,389
Shawn Long,C,24,PHI,18,0,234,24.1,0.321,20,10.7,25.4,0.6,0.3,0.9,0.3,109,0.56,0.368,0.592,85,13,9,9,148
Sheldon McClellan,SG,24,WAS,30,3,287,10.1,0.36,6.7,7,14,0.3,0.2,0.5,-0.1,75,0.4,0.233,0.447,34,15,8,2,90
Shelvin Mack,PG,26,UTA,55,9,1205,10.9,0.202,6.1,20.4,19.6,-0.1,1.5,1.4,0.1,381,0.446,0.308,0.495,128,154,42,3,430
Skal Labissiere,PF,20,SAC,33,12,612,16.8,0.339,15.3,7.5,21.3,0.7,0.5,1.3,-0.1,218,0.537,0.375,0.544,162,27,16,13,289
Solomon Hill,SF,25,NOP,80,71,2374,8,0.268,6.8,8.1,11.5,0.4,2.3,2.7,1,477,0.384,0.348,0.482,307,141,71,32,563
Spencer Dinwiddie,PG,23,BRK,59,18,1334,12.7,0.526,6.5,20.3,14.1,1.9,0.9,2.8,0.4,302,0.444,0.376,0.507,164,185,44,23,432
Spencer Hawes,PF,28,TOT,54,1,797,15.6,0.188,13.4,16.5,19.8,0.7,1,1.7,0.3,277,0.484,0.309,0.529,191,81,15,30,337
Stanley Johnson,SF,20,DET,77,1,1371,7.2,0.145,7.5,10.5,14.8,-1.4,1.8,0.4,0,365,0.353,0.292,0.415,189,105,56,24,339
Stephen Curry,PG,28,GSW,79,79,2638,24.6,0.251,7.3,31.1,30.1,8.6,3.9,12.6,6.2,1443,0.468,0.411,0.58,353,523,143,17,1999
Stephen Zimmerman,C,20,ORL,19,0,108,7.3,0.161,17.6,5.3,14.8,-0.1,0.1,0,-0.1,31,0.323,0,0.323,35,4,2,5,23
Steve Novak,PF,33,MIL,8,0,22,1.3,0,7.9,0,14.5,0,0,0,-0.1,7,0.286,0.167,0.357,3,0,0,0,5
Steven Adams,C,23,OKC,80,80,2389,16.5,0.392,14.2,5.4,16.2,3.3,3.1,6.4,1.5,655,0.571,0,0.571,615,86,88,78,905
T.J. McConnell,PG,24,PHI,81,51,2133,13.7,0.176,6.5,37.5,14.4,1.4,2.4,3.8,0,512,0.461,0.2,0.472,251,534,134,10,556
T.J. Warren,SF,23,PHO,66,59,2048,15.6,0.189,9,5.8,19.2,3,1.1,4.1,0.9,814,0.495,0.265,0.511,339,75,76,39,951
Taj Gibson,PF,31,TOT,78,71,1989,15.1,0.223,13.2,5.9,19.3,1.6,2.5,4,0,709,0.515,0.231,0.517,486,73,42,66,846
Tarik Black,C,25,LAL,67,16,1091,15,0.371,17.1,5.3,15.7,1.5,0.9,2.4,0.1,294,0.51,0.5,0.512,342,39,30,44,383
Taurean Waller-Prince,SF,22,ATL,59,10,981,9.8,0.33,8.8,8.4,17.2,-0.4,1.5,1.1,-0.1,285,0.4,0.324,0.458,157,55,43,27,335
Terrence Jones,PF,25,TOT,54,12,1270,16.1,0.346,12.7,7.3,21.4,0.4,1.9,2.3,0.2,491,0.47,0.253,0.49,306,58,40,54,584
Terrence Ross,SF,25,TOT,78,24,1955,13.4,0.103,5.9,7.1,19.3,1.5,2,3.5,0.9,746,0.437,0.363,0.532,207,88,88,33,858
Terry Rozier,PG,22,BOS,74,0,1263,10.8,0.161,10,15.2,17.1,0,1.4,1.4,-0.2,411,0.367,0.318,0.437,227,131,45,11,410
Thabo Sefolosha,SF,32,ATL,62,42,1596,11.9,0.19,9.3,9.9,13.3,0.6,2.7,3.3,1.3,395,0.441,0.342,0.492,270,107,96,31,444
Thaddeus Young,PF,28,IND,74,74,2237,14.9,0.125,11.3,8.4,16.5,1.9,2.7,4.6,2,687,0.527,0.381,0.56,449,122,114,30,814
Thomas Robinson,PF,25,LAL,48,1,560,17.3,0.337,21.8,8.8,20.7,0.3,0.6,0.9,0,196,0.536,0,0.536,223,31,26,9,241
Thon Maker,C,19,MIL,57,34,562,14,0.271,11.8,6.2,17.8,0.8,0.5,1.3,0.1,181,0.459,0.378,0.536,114,23,10,26,226
Tiago Splitter,C,32,PHI,8,0,76,15,0.355,15.9,8.9,23.9,0.1,0.1,0.1,-0.1,31,0.452,0.333,0.484,22,4,1,1,39
Tim Frazier,PG,26,NOP,65,35,1525,12.4,0.319,6,31.4,16.3,1,1.4,2.4,-0.1,404,0.403,0.313,0.453,173,335,56,6,464
Tim Hardaway,SG,24,ATL,79,30,2154,15.2,0.235,5.7,14.3,22.5,2.7,2.1,4.8,0.9,912,0.455,0.357,0.537,224,182,55,15,1143
Tim Quarterman,SG,22,POR,16,0,80,10.2,0.103,9.7,21.1,22.8,-0.1,0.1,-0.1,-0.1,29,0.448,0.385,0.534,14,11,2,3,31
Timofey Mozgov,C,30,LAL,54,52,1104,12.3,0.238,13.1,5.9,16.8,0.7,0.4,1.1,-0.4,328,0.515,0,0.515,264,43,16,31,401
Timothe Luwawu-Cabarrot,SF,21,PHI,69,19,1190,8.5,0.341,6.9,9.6,17.8,0,0.8,0.8,-0.6,361,0.402,0.311,0.471,149,75,32,10,445
Tobias Harris,PF,24,DET,82,48,2567,16.9,0.213,8.8,8.8,21.7,4,2.8,6.9,2.1,1063,0.481,0.347,0.532,416,142,60,39,1321
Tomas Satoransky,SG,25,WAS,57,3,719,8.5,0.226,6.5,16.7,12.1,0.1,0.5,0.6,-0.2,146,0.418,0.243,0.449,83,92,26,6,154
Toney Douglas,PG,30,MEM,24,0,394,10.6,0.248,8.9,22.2,17.4,0,0.5,0.5,0.1,117,0.368,0.167,0.397,61,56,18,5,117
Tony Allen,SG,35,MEM,71,66,1914,13.3,0.218,11.7,8.4,17.9,0.2,2.9,3.1,1.3,595,0.461,0.278,0.473,391,98,115,29,643
Tony Parker,PG,34,SAS,63,63,1587,13,0.206,4,27.8,20.2,1.4,1.7,3,-0.4,569,0.466,0.333,0.486,113,285,33,2,638
Tony Snell,SG,25,MIL,80,80,2336,9.7,0.107,6.2,5.9,12.1,2.1,1.3,3.4,0.7,541,0.455,0.406,0.588,248,96,54,14,683
Treveon Graham,SG,23,CHO,27,1,189,10.6,0.375,6.4,4.7,11.8,0.3,0.2,0.4,0,40,0.475,0.6,0.588,22,6,6,1,57
Trevor Ariza,SF,31,HOU,80,80,2773,12.3,0.158,9,8.8,14.1,2.8,3.2,6,2.6,798,0.409,0.344,0.528,459,175,147,20,936
Trevor Booker,PF,29,BRK,71,43,1754,15.7,0.186,17.2,12.9,18.7,0.9,2.2,3.1,1,591,0.516,0.321,0.537,570,138,76,28,709
Trey Burke,PG,24,WAS,57,0,703,10.8,0.114,3.8,20.7,19.6,0.3,0.3,0.5,-0.7,255,0.455,0.443,0.516,47,100,11,5,285
Trey Lyles,PF,21,UTA,71,4,1158,10,0.18,11.7,9.6,21.7,-0.9,1.6,0.8,-0.3,439,0.362,0.319,0.436,235,70,26,20,440
Tristan Thompson,C,25,CLE,78,78,2336,15.3,0.487,16.9,4.6,11.3,5,2.3,7.3,2.1,437,0.6,0,0.6,716,77,39,84,630
Troy Daniels,SG,25,MEM,67,3,1183,10.4,0.109,4.8,6.6,21.7,0.5,0.8,1.3,-0.3,495,0.374,0.389,0.513,100,46,21,4,551
Troy Williams,SF,22,TOT,30,16,557,8.9,0.192,7,7,17.2,-0.4,0.7,0.3,-0.1,167,0.437,0.29,0.491,69,25,27,10,185
Ty Lawson,PG,29,SAC,69,24,1732,15.4,0.416,6,30,19.5,2.2,1,3.2,0.3,522,0.454,0.288,0.487,179,335,74,6,681
Tyler Ennis,PG,22,TOT,53,2,588,11,0.12,4.3,21.7,19.1,0.1,0.3,0.4,-0.4,208,0.433,0.386,0.498,46,86,26,2,228
Tyler Johnson,PG,24,MIA,73,0,2178,15.9,0.308,7.4,16.6,20.9,3.1,2.7,5.8,1.9,824,0.433,0.372,0.49,293,233,84,44,1002
Tyler Ulis,PG,21,PHO,61,15,1123,13,0.162,4.6,30.5,20.3,0.3,0.4,0.7,-0.6,437,0.421,0.266,0.445,95,226,48,5,444
Tyler Zeller,C,27,BOS,51,5,525,13,0.247,13.2,12.2,16.5,0.5,0.6,1,-0.1,158,0.494,0,0.494,124,42,7,21,178
Tyreke Evans,SF,27,TOT,40,6,788,15.5,0.249,9.5,25.9,26.7,-0.2,0.9,0.7,0.2,370,0.405,0.356,0.462,137,124,35,9,411
Tyson Chandler,C,34,PHO,47,46,1298,16.6,0.544,22.6,3.3,11.3,2.7,1.3,4,0.5,228,0.671,0,0.671,539,30,33,24,397
Tyus Jones,PG,20,MIN,60,0,774,13.8,0.238,5,28,13.6,1,0.6,1.5,0,181,0.414,0.356,0.486,67,156,47,5,209
Udonis Haslem,C,36,MIA,17,0,130,8.4,0.652,15.3,6.4,12.8,0,0.2,0.2,-0.1,23,0.478,0,0.478,36,6,5,1,31
Victor Oladipo,SG,24,OKC,67,67,2222,13.6,0.165,7.2,12.5,21.4,1.7,2.3,4,0.4,932,0.442,0.361,0.51,291,176,78,21,1067
Vince Carter,SF,40,MEM,73,15,1799,11.7,0.235,7.2,11.5,14.9,1.9,2.1,4,1.4,490,0.394,0.378,0.508,227,133,60,36,586
Wade Baldwin,PG,20,MEM,33,1,405,6.4,0.322,6.5,22.8,19.2,-0.9,0.5,-0.4,-0.4,115,0.313,0.136,0.326,46,61,18,7,106
Wayne Ellington,SG,29,MIA,62,13,1500,12.6,0.077,4.9,7.1,17.9,2.1,1.2,3.3,0.7,555,0.416,0.378,0.55,133,70,35,4,648
Wayne Selden,SG,22,TOT,14,5,236,6.9,0.379,3.8,8.5,15.3,-0.1,0.2,0.1,-0.2,58,0.431,0.25,0.491,16,13,6,1,71
Wesley Johnson,SF,29,LAC,68,3,810,8.4,0.085,12.5,3.9,12.5,-0.3,1.2,0.9,0,200,0.365,0.246,0.438,181,23,29,30,186
Wesley Matthews,SG,30,DAL,73,73,2495,11.9,0.211,6,13.6,19.4,1,2.1,3.1,1.3,847,0.393,0.363,0.496,259,210,77,16,986
Will Barton,SG,26,DEN,60,19,1705,15.5,0.285,8.4,17.7,21.1,2.5,0.8,3.3,1,666,0.443,0.37,0.508,258,206,48,28,820
Willie Cauley-Stein,C,23,SAC,75,21,1421,16.4,0.314,13.8,9.4,19.6,1.4,1.5,3,0.3,481,0.53,0,0.53,340,80,53,45,611
Willie Reed,C,26,MIA,71,5,1031,17.1,0.309,17.8,3.9,15.3,2.1,1.5,3.6,0.4,285,0.568,0.25,0.57,332,26,18,47,374
Willy Hernangomez,C,22,NYK,72,22,1324,18.9,0.269,20.4,11.5,20.3,1.8,1.6,3.4,0.7,465,0.529,0.267,0.533,502,96,41,36,587
Wilson Chandler,SF,29,DEN,71,33,2197,14.9,0.207,11.5,9.8,22,2.4,1.1,3.6,0.7,939,0.461,0.337,0.52,459,141,52,30,1117
Yogi Ferrell,PG,23,TOT,46,29,1197,13.1,0.226,5.3,23.2,19.6,0.8,1,1.8,0.4,394,0.406,0.386,0.492,111,172,42,9,462
Zach LaVine,SG,21,MIN,47,47,1749,14.6,0.197,5.3,12.6,21.7,2.5,0.4,3,0.8,710,0.459,0.387,0.544,159,139,41,10,889
Zach Randolph,PF,35,MEM,73,5,1786,18.5,0.2,19.1,13.5,29.2,0.8,2.4,3.2,0,964,0.449,0.223,0.46,598,122,38,10,1028
Zaza Pachulia,C,32,GSW,70,70,1268,16.1,0.41,17.7,13.6,15.3,2.2,2.5,4.7,1.5,307,0.534,0,0.534,410,132,59,33,426
